<?xml version="1.0" encoding="utf-8" ?>
<widget id="com.kludgets.weather" version="1.0">
  <name>Weather</name>
  <description>This widget downloads weather information from weather.com. For more information about their services view their website.</description>
  <icon/>
  <about url="http://weather.com"/>
  <access network="true"/>
  <author href="http://kludgets.com/kludgets/weather" email="" name="kludgets.com">kludgets.com</author>
  <license>Copyright (c) 2009 MindHyve Corp.</license>
  <content src="Weather.html" />
  <update/>
  <feature/>
  <preferences>
    <preference name="kludget/weather/location">
      <type>text</type>
      <title>Location</title>
      <default>San Ramon, CA</default>
      <description>You can enter a US zip code, your City, State, or City, Country.</description>
    </preference>
    <preference name="kludget/weather/useMetric">
      <type>checkbox</type>
      <title>Use Metric Units</title>
      <default>1</default>
      <description>Check this box if you want your weather displayed in degrees Celcius rather than degrees Fahrenheit.</description>
    </preference>
  </preferences>
  <!--
  <menu>
    <item action="Kludget.createInstance()">Add Weather Widget</item>
  </menu>
  -->
</widget>
