<?xml version="1.0" encoding="UTF-8"?>
<widget id="com.kludgets.note" version="1.0">
  <name>Note</name>
  <description>Stick sticky notes on your desktop</description>
  <icon/>
  <access/>
  <author href="http://kludgets.com/kludgets/note" email="" name="kludgets.com">kludgets.com</author>
  <license>Copyright (c) 2009 MindHyve Corp.</license>
  <content src="index.html" />
  <update/>
  <feature/>
  <preferences>
    <preference name="theme">
      <type>select</type>
      <option value="default">Default</option>
      <option value="green">Green Sticky Notes</option>
      <option value="pink">I like Pink</option>
      <option value="tango">Tango</option>
      <option value="white">Plain White</option>
      <option value="yellow">Pinned Yellow</option>
      <default>yellow</default>
      <title>Theme</title>
      <description>Select a theme.</description>
    </preference>
    <preference name="zoom">
      <type>select</type>
      <option value="0.8">Small</option>
      <option value="1">Medium</option>
      <option value="1.5">Large</option>
      <default>1</default>
      <title>Note size</title>
      <description>Select note zoom size.</description>
    </preference>
    <preference name="note/font">
      <type>font</type>
      <title>Font</title>
      <category>fonts</category>
      <default>laffayette comic pro</default>
      <description>Select note font.</description>
    </preference>
    <preference name="note/fontSize" width="60">
      <type>select</type>
      <title>Size</title>
      <category>fonts</category>
      <option>8</option>
      <option>10</option>
      <option>12</option>
      <option>14</option>
      <option>16</option>
      <option>18</option>
      <option>20</option>
      <option>22</option>
      <option>24</option>
      <default>18</default>
      <description>Select note font size.</description>
    </preference>
    <preference name="note/fontColor">
      <type>color</type>
      <title>Font Color</title>
      <category>Fonts</category>
      <default>#000</default>
      <description>Select note font color.</description>
    </preference>
  </preferences>
  <!--
  <menu>
    <item action="Kludget.createInstance()">Add a new Note</action>
  </menu>
  -->
</widget>
