<?xml version="1.0" encoding="UTF-8"?>
<preferences>
  <preference name="clock/theme">
    <type>select</type>
    <option value="cairo-clock">Cairo Clock</option>
    <option value="glass">Glass</option>
    <option value="lime">Lime</option>
    <option value="ryx-glass">RYX Glass</option>
    <option value="station">Station</option>
    <option value="tango">Tango</option>
    <option value="time4linux">Time4Linux</option>
    <option value="time4linux-inverse">Time4Linux Inverse</option>
    <default>lime</default>
    <title>Theme</title>
    <description>Select a theme.</description>
  </preference>
  <preference name="zoom">
    <type>select</type>
    <option value="0.8">Small</option>
    <option value="1">Medium</option>
    <option value="1.5">Large</option>
    <default>1</default>
    <title>Clock size</title>
    <description>Select clock zoom size.</description>
  </preference>
  <preference name="clock/showSecondHand">
    <type>checkbox</type>
    <title>Second Hand</title>
    <description>Check this box if you want to show the second hand.</description>
  </preference>
  <preference name="clock/bouncy">
    <type>checkbox</type>
    <title>Bouncy</title>
    <description>Check this box if you want a bouncy second hand.</description>
  </preference>
</preferences>  
